{
    "resources": [
        {
            "name": "view/Main.view.xml"
        },
        {
            "name": "controller/Main.controller.js"
        },
        {
            "name": "manifest.json"
        },
        {
            "name": "model/models.js"
        },
        {
            "name": "model/formatter.js"
        },
        {
            "name": "controller/MasterEmployee.controller.js"
        },
        {
            "name": "package-lock.json"
        },
        {
            "name": "controller/EmployeeDetails.controller.js"
        },
        {
            "name": "Component.js"
        },
        {
            "name": "manifest-bundle.zip"
        },
        {
            "name": "Component-preload.js",
            "merged": true
        },
        {
            "name": "Component-dbg.js",
            "isDebug": true
        },
        {
            "name": "model/formatter-dbg.js",
            "isDebug": true
        },
        {
            "name": "controller/MasterEmployee-dbg.controller.js",
            "isDebug": true
        },
        {
            "name": "controller/Main-dbg.controller.js",
            "isDebug": true
        },
        {
            "name": "controller/EmployeeDetails-dbg.controller.js",
            "isDebug": true
        },
        {
            "name": "model/models-dbg.js",
            "isDebug": true
        },
        {
            "name": "../../sap-ui-version.json"
        },
        {
            "name": "view/MasterEmployee.view.xml"
        },
        {
            "name": "i18n/i18n.properties",
            "raw": "i18n/i18n.properties"
        },
        {
            "name": "view/EmployeeDetails.view.xml"
        },
        {
            "name": "fragment/TableEmployee.fragment.xml"
        },
        {
            "name": "fragment/NewIncidence.fragment.xml"
        },
        {
            "name": "fragment/DialogOrders.fragment.xml"
        },
        {
            "name": "css/style.css"
        },
        {
            "name": "index.html"
        }
    ]
}