{
  "model/models-dbg.js": 1617626698283,
  "controller/Main.controller.js": 1619103050617,
  "manifest.json": 1619438434302,
  "model/models.js": 1617626698283,
  "model/formatter.js": 1618491740783,
  "controller/MasterEmployee.controller.js": 1618845200168,
  "package-lock.json": 1619437094875,
  "controller/EmployeeDetails.controller.js": 1619103050625,
  "Component.js": 1619008850099,
  "manifest-bundle.zip": 1619438433795,
  "Component-preload.js": 1619438434221,
  "Component-dbg.js": 1619008850099,
  "model/formatter-dbg.js": 1618491740783,
  "controller/MasterEmployee-dbg.controller.js": 1618845200168,
  "controller/Main-dbg.controller.js": 1619103050617,
  "controller/EmployeeDetails-dbg.controller.js": 1619103050625,
  "i18n/i18n.properties": 1619103050625,
  "resources.json": 1619438434305,
  "view/MasterEmployee.view.xml": 1618230019832,
  "view/Main.view.xml": 1618579865901,
  "view/EmployeeDetails.view.xml": 1618845200120,
  "fragment/TableEmployee.fragment.xml": 1618845200220,
  "fragment/NewIncidence.fragment.xml": 1619103050617,
  "fragment/DialogOrders.fragment.xml": 1618497241514,
  "css/style.css": 1618238818757,
  "index.html": 1617626698279
}