{
    "resources": [
        {
            "name": "controller/App-dbg.controller.js",
            "isDebug": true
        },
        {
            "name": "controller/Menu.controller.js"
        },
        {
            "name": "model/models.js"
        },
        {
            "name": "controller/ShowEmployee.controller.js"
        },
        {
            "name": "manifest.json"
        },
        {
            "name": "controller/CreateEmployee.controller.js"
        },
        {
            "name": "controller/App.controller.js"
        },
        {
            "name": "Component.js"
        },
        {
            "name": "manifest-bundle.zip"
        },
        {
            "name": "Component-preload.js",
            "merged": true
        },
        {
            "name": "Component-dbg.js",
            "isDebug": true
        },
        {
            "name": "controller/ShowEmployee-dbg.controller.js",
            "isDebug": true
        },
        {
            "name": "controller/Menu-dbg.controller.js",
            "isDebug": true
        },
        {
            "name": "controller/CreateEmployee-dbg.controller.js",
            "isDebug": true
        },
        {
            "name": "i18n/i18n.properties",
            "raw": "i18n/i18n.properties"
        },
        {
            "name": "model/models-dbg.js",
            "isDebug": true
        },
        {
            "name": "../../sap-ui-version.json"
        },
        {
            "name": "view/ShowEmployee.view.xml"
        },
        {
            "name": "view/Menu.view.xml"
        },
        {
            "name": "view/CreateEmployee.view.xml"
        },
        {
            "name": "view/App.view.xml"
        },
        {
            "name": "fragment/RiseEmployee.fragment.xml"
        },
        {
            "name": "fragment/ReviewPage.fragment.xml"
        },
        {
            "name": "css/style.css"
        },
        {
            "name": "index.html"
        }
    ]
}