{
  "controller/App.controller.js": 1623344395665,
  "controller/Menu.controller.js": 1623352716040,
  "model/models.js": 1623344395661,
  "controller/ShowEmployee.controller.js": 1623364561433,
  "manifest.json": 1623666250400,
  "controller/CreateEmployee.controller.js": 1623345626448,
  "i18n/i18n.properties": 1623345146516,
  "Component.js": 1623345170953,
  "manifest-bundle.zip": 1623666250079,
  "Component-preload.js": 1623666250333,
  "Component-dbg.js": 1623345170953,
  "controller/ShowEmployee-dbg.controller.js": 1623364561433,
  "controller/Menu-dbg.controller.js": 1623352716040,
  "controller/CreateEmployee-dbg.controller.js": 1623345626448,
  "controller/App-dbg.controller.js": 1623344395665,
  "model/models-dbg.js": 1623344395661,
  "resources.json": 1623666250403,
  "view/ShowEmployee.view.xml": 1623349591237,
  "view/Menu.view.xml": 1623362554969,
  "view/CreateEmployee.view.xml": 1623345537711,
  "view/App.view.xml": 1623344907071,
  "fragment/RiseEmployee.fragment.xml": 1623346212087,
  "fragment/ReviewPage.fragment.xml": 1623346144823,
  "css/style.css": 1623344395657,
  "index.html": 1623366876053
}