<core:FragmentDefinition xmlns:charts="sap.ca.ui.charts" xmlns:core="sap.ui.core" xmlns="sap.m">
    <Dialog title="{i18n>orders}">
         <content>
            <Table items="{odataNorthwind>Orders}" width="700px">
            <columns>
                <Column >
                <header>
                    <Label text="{i18n>orderID}"/>
                </header>
                </Column>
                <Column >
                <header>
                    <Label text="{i18n>freight}"/>
                </header>
                </Column>
                <Column >
                <header>
                    <Label text="{i18n>shipAddress}"/>
                </header>
                </Column>
            </columns>
                <items>
                <ColumnListItem >
                    <cells>
                    <Label text="{odataNorthwind>OrderID}"/>
                    <Label text="{odataNorthwind>Freight}"/>
                    <Label text="{odataNorthwind>ShipAddress}"/>
                    </cells>
                </ColumnListItem>
                </items>
            </Table>
           </content>
         <endButton>
       <Button text="{i18n>close}" press="onCloseOrders"/>
      </endButton>
    </Dialog>
</core:FragmentDefinition>